{
  "id": "time-zones",
  "name": "时区列表 备忘清单",
  "title": "全部时区列表帮助用户快速查看和管理世界各地时区的备忘参考清单",
  "icon": "https://raw.githubusercontent.com/jaywcjlove/reference/main/assets/time-zones.svg",
  "sections": [
    {
      "id": "intro",
      "title": "简介",
      "startIndex": 0
    },
    {
      "id": "s1",
      "title": "全部时区列表",
      "startIndex": 1
    },
    {
      "id": "s2",
      "title": "另见",
      "startIndex": 2
    }
  ],
  "cards": [
    {
      "id": "intro-0",
      "sectionId": "intro",
      "title": "简介",
      "kind": "text",
      "body": "全部时区列表帮助用户快速查看和管理世界各地时区的备忘参考清单"
    },
    {
      "id": "s1-1",
      "sectionId": "s1",
      "title": "完整代码",
      "kind": "text",
      "body": "UTC (协调世界时) | 时区 | 国家 | 时区主要城市\n---|---|---|---\nUTC-11 | Pacific/Midway | United States Minor Outlying Islands |\nUTC-11 | Pacific/Niue | Niue | Alofi\nUTC-11 | Pacific/Pago_Pago | American Samoa | Pago Pago, Tāfuna, Ta`ū, Taulaga\nUTC-10 | America/Adak | United States |\nUTC-10 | Pacific/Honolulu | United States | Honolulu, East Honolulu, Pearl City, Hilo, Kailua\nUTC-10 | Pacific/Rarotonga | Cook Islands | Avarua\nUTC-10 | Pacific/Tahiti | French Polynesia | Faaa, Papeete, Punaauia, Pirae, Mahina\nUTC-9:30 | Pacific/Marquesas | French Polynesia | Taiohae\nUTC-9 | America/Anchorage | United States | Anchorage, Fairbanks, Eagle River, Badger, Knik-Fairview\nUTC-9 | America/Juneau | United States | Juneau\nUTC-9 | America/Metlakatla | United States |\nUTC-9 | America/Nome | United States |\nUTC-9 | America/Sitka | United States | Sitka, Ketchikan\nUTC-9 | America/Yakutat | United States |\nUTC-9 | Pacific/Gambier | French Polynesia |\nUTC-8 | America/Los_Angeles | United States | Los Angeles, San Diego, San Jose, San Francisco, Seattle\nUTC-8 | America/Tijuana | Mexico | Tijuana, Mexicali, Ensenada, Rosarito, Tecate\nUTC-8 | America/Vancouver | Canada | Vancouver, Surrey, Okanagan, Victoria, Burnaby\nUTC-8 | Pacific/Pitcairn | Pitcairn | Adamstown\nUTC-7 | America/Boise | United States | Boise, Meridian, Nampa, Idaho Falls, Pocatello\nUTC-7 | America/Cambridge_Bay | Canada |\nUTC-7 | America/Ciudad_Juarez | Mexico | Ciudad Juárez, Ascensión, Ascención, Puerto Palomas\nUTC-7 | America/Creston | Canada | Creston\nUTC-7 | America/Dawson | Canada |\nUTC-7 | America/Dawson_Creek | Canada | Fort St. John, Dawson Creek\nUTC-7 | America/Denver | United States | Denver, El Paso, Albuquerque, Colorado Springs, Aurora\nUTC-7 | America/Edmonton | Canada | Calgary, Edmonton, Shaughnessy, Red Deer, Sherwood Park\nUTC-7 | America/Fort_Nelson | Canada |\nUTC-7 | America/Hermosillo | Mexico | Hermosillo, Ciudad Obregón, Nogales, San Luis Río Colorado, Navojoa\nUTC-7 | America/Inuvik | Canada |\nUTC-7 | America/Mazatlan | Mexico | Culiacán, Mazatlán, Tepic, Los Mochis, La Paz\nUTC-7 | America/Phoenix | United States | Phoenix, Tucson, Mesa, Chandler, Gilbert\nUTC-7 | America/Whitehorse | Canada | Whitehorse\nUTC-7 | America/Yellowknife | Canada | Yellowknife\nUTC-6 | America/Bahia_Banderas | Mexico | Mezcales, San Vicente, Bucerías, Valle de Banderas\nUTC-6 | America/Belize | Belize | Belize City, San Ignacio, San Pedro, Orange Walk, Corozal\nUTC-6 | America/Chicago | United States | Chicago, Houston, San Antonio, Dallas, Austin\nUTC-6 | America/Chihuahua | Mexico | Chihuahua, Ciudad Delicias, Cuauhtémoc, Parral, Nuevo Casas Grandes\nUTC-6 | America/Costa_Rica | Costa Rica | San José, Limón, San Francisco, Alajuela, Liberia\nUTC-6 | America/El_Salvador | El Salvador | San Salvador, Soyapango, San Miguel, Santa Ana, Mejicanos\nUTC-6 | America/Guatemala | Guatemala | Guatemala City, Villa Nueva, Mixco, Cobán, Quetzaltenango\nUTC-6 | America/Indiana/Knox | United States |\nUTC-6 | America/Indiana/Tell_City | United States | Tell City\nUTC-6 | America/Managua | Nicaragua | Managua, León, Masaya, Chinandega, Matagalpa\nUTC-6 | America/Matamoros | Mexico | Reynosa, Heroica Matamoros, Nuevo Laredo, Piedras Negras, Ciudad Acuña\nUTC-6 | America/Menominee | United States | Menominee, Iron Mountain, Kingsford, Ironwood\nUTC-6 | America/Merida | Mexico | Mérida, Campeche, Ciudad del Carmen, Kanasín, Valladolid\nUTC-6 | America/Mexico_City | Mexico | Mexico City, Iztapalapa, León de los Aldama, Puebla, Ecatepec de Morelos\nUTC-6 | America/Monterrey | Mexico | Monterrey, Torreón, Saltillo, Guadalupe, Victoria de Durango\nUTC-6 | America/North_Dakota/Beulah | United States |\nUTC-6 | America/North_Dakota/Center | United States |\nUTC-6 | America/North_Dakota/New_Salem | United States | Mandan\nUTC-6 | America/Ojinaga | Mexico | Manuel Ojinaga, Ojinaga\nUTC-6 | America/Rankin_Inlet | Canada |\nUTC-6 | America/Regina | Canada | Saskatoon, Regina, Prince Albert, Moose Jaw, North Battleford\nUTC-6 | America/Resolute | Canada |\nUTC-6 | America/Swift_Current | Canada | Swift Current\nUTC-6 | America/Tegucigalpa | Honduras | Tegucigalpa, San Pedro Sula, La Ceiba, Choloma, El Progreso\nUTC-6 | America/Winnipeg | Canada | Winnipeg, Brandon, Steinbach, Kenora, Thompson\nUTC-6 | Pacific/Easter | Chile | Hanga Roa\nUTC-6 | Pacific/Galapagos | Ecuador | Puerto Ayora, Puerto Baquerizo Moreno\nUTC-5 | America/Atikokan | Canada |\nUTC-5 | America/Bogota | Colombia | Bogotá, Cali, Medellín, Barranquilla, Cartagena\nUTC-5 | America/Cancun | Mexico | Cancún, Chetumal, Playa del Carmen, Cozumel, Felipe Carrillo Puerto\nUTC-5 | America/Cayman | Cayman Islands | George Town, West Bay, Bodden Town, North Side, East End\nUTC-5 | America/Detroit | United States | Detroit, Grand Rapids, Warren, Sterling Heights, Ann Arbor\nUTC-5 | America/Eirunepe | Brazil | Eirunepé, Benjamin Constant, Envira\nUTC-5 | America/Grand_Turk | Turks and Caicos Islands | Cockburn Town\nUTC-5 | America/Guayaquil | Ecuador | Quito, Guayaquil, Cuenca, Santo Domingo de los Colorados, Ambato\nUTC-5 | America/Havana | Cuba | Havana, Santiago de Cuba, Camagüey, Holguín, Guantánamo\nUTC-5 | America/Indiana/Indianapolis | United States | Indianapolis, Fort Wayne, South Bend, Carmel, Bloomington\nUTC-5 | America/Indiana/Marengo | United States |\nUTC-5 | America/Indiana/Petersburg | United States |\nUTC-5 | America/Indiana/Vevay | United States |\nUTC-5 | America/Indiana/Vincennes | United States | Jasper, Washington, Huntingburg\nUTC-5 | America/Indiana/Winamac | United States |\nUTC-5 | America/Iqaluit | Canada | Iqaluit\nUTC-5 | America/Jamaica | Jamaica | Kingston, New Kingston, Spanish Town, Portmore, Montego Bay\nUTC-5 | America/Kentucky/Louisville | United States | Louisville, Jeffersonville, New Albany, Jeffersontown, Pleasure Ridge Park\nUTC-5 | America/Kentucky/Monticello | United States | Monticello\nUTC-5 | America/Lima | Peru | Lima, Callao, Arequipa, Trujillo, Chiclayo\nUTC-5 | America/Nassau | Bahamas | Nassau, Lucaya, Freeport, West End, Cooper’s Town\nUTC-5 | America/New_York | United States | New York City, Brooklyn, Queens, Philadelphia, Manhattan\nUTC-5 | America/Panama | Panama | Panamá, San Miguelito, Juan Díaz, David, Arraiján\nUTC-5 | America/Port-au-Prince | Haiti | Port-au-Prince, Carrefour, Delmas 73, Port-de-Paix, Pétionville\nUTC-5 | America/Rio_Branco | Brazil | Rio Branco, Cruzeiro do Sul, Senador Guiomard, Sena Madureira, Tarauacá\nUTC-5 | America/Toronto | Canada | Toronto, Montréal, Ottawa, Mississauga, Brampton\nUTC-4 | America/Anguilla | Anguilla | The Valley, Blowing Point Village, Sandy Ground Village, The Quarter, Sandy Hill\nUTC-4 | America/Antigua | Antigua and Barbuda | Saint John’s, Piggotts, Bolands, Codrington, Parham\nUTC-4 | America/Aruba | Aruba | Oranjestad, Tanki Leendert, San Nicolas, Santa Cruz, Paradera\nUTC-4 | America/Asuncion | Paraguay | Asunción, Ciudad del Este, San Lorenzo, Capiatá, Lambaré\nUTC-4 | America/Barbados | Barbados | Bridgetown, Speightstown, Oistins, Bathsheba, Holetown\nUTC-4 | America/Blanc-Sablon | Canada |\nUTC-4 | America/Boa_Vista | Brazil | Boa Vista\nUTC-4 | America/Campo_Grande | Brazil | Campo Grande, Dourados, Corumbá, Três Lagoas, Ponta Porã\nUTC-4 | America/Caracas | Venezuela | Caracas, Maracaibo, Maracay, Valencia, Barquisimeto\nUTC-4 | America/Cuiaba | Brazil | Cuiabá, Várzea Grande, Rondonópolis, Sinop, Barra do Garças\nUTC-4 | America/Curacao | Curacao | Willemstad, Sint Michiel Liber\nUTC-4 | America/Dominica | Dominica | Roseau, Portsmouth, Berekua, Saint Joseph, Wesley\nUTC-4 | America/Glace_Bay | Canada | Sydney, Glace Bay, Sydney Mines\nUTC-4 | America/Goose_Bay | Canada | Happy Valley-Goose Bay, Labrador City\nUTC-4 | America/Grenada | Grenada | Saint George's, Gouyave, Grenville, Victoria, Saint David’s\nUTC-4 | America/Guadeloupe | Guadeloupe | Les Abymes, Baie-Mahault, Le Gosier, Petit-Bourg, Sainte-Anne\nUTC-4 | America/Guyana | Guyana | Georgetown, Linden, New Amsterdam, Anna Regina, Bartica\nUTC-4 | America/Halifax | Canada | Halifax, Dartmouth, Charlottetown, Lower Sackville, Cole Harbour\nUTC-4 | America/Kralendijk | Bonaire, Saint Eustatius and Saba  | Kralendijk, Oranjestad, The Bottom\nUTC-4 | America/La_Paz | Bolivia | La Paz, Santa Cruz de la Sierra, Cochabamba, Sucre, Oruro\nUTC-4 | America/Lower_Princes | Sint Maarten | Cul de Sac, Lower Prince’s Quarter, Koolbaai, Philipsburg\nUTC-4 | America/Manaus | Brazil | Manaus, Itacoatiara, Parintins, Manacapuru, Coari\nUTC-4 | America/Marigot | Saint Martin | Marigot\nUTC-4 | America/Martinique | Martinique | Fort-de-France, Le Lamentin, Le Robert, Sainte-Marie, Le François\nUTC-4 | America/Moncton | Canada | Moncton, Saint John, Fredericton, Dieppe, Miramichi\nUTC-4 | America/Montserrat | Montserrat | Brades, Saint Peters, Plymouth\nUTC-4 | America/Porto_Velho | Brazil | Porto Velho, Ji Paraná, Vilhena, Ariquemes, Cacoal\nUTC-4 | America/Port_of_Spain | Trinidad and Tobago | Chaguanas, Mon Repos, San Fernando, Port of Spain, Rio Claro\nUTC-4 | America/Puerto_Rico | Puerto Rico | San Juan, Bayamón, Carolina, Ponce, Arecibo\nUTC-4 | America/Santiago | Chile | Santiago, Puente Alto, Antofagasta, Viña del Mar, Valparaíso\nUTC-4 | America/Santo_Domingo | Dominican Republic | Santo Domingo, Santiago de los Caballeros, Santo Domingo Oeste, Santo Domingo Este, San Pedro de Macorís\nUTC-4 | America/St_Barthelemy | Saint Barthelemy | Gustavia\nUTC-4 | America/St_Kitts | Saint Kitts and Nevis | Basseterre, Fig Tree, Market Shop, Saint Paul’s, Middle Island\nUTC-4 | America/St_Lucia | Saint Lucia | Castries, Bisee, Vieux Fort, Micoud, Soufrière\nUTC-4 | America/St_Thomas | U.S. Virgin Islands | Saint Croix, Charlotte Amalie, Cruz Bay\nUTC-4 | America/St_Vincent | Saint Vincent and the Grenadines | Kingstown, Georgetown, Barrouallie, Port Elizabeth, Chateaubelair\nUTC-4 | America/Thule | Greenland |\nUTC-4 | America/Tortola | British Virgin Islands | Road Town\nUTC-4 | Atlantic/Bermuda | Bermuda | Hamilton\nUTC-3:30 | America/St_Johns | Canada | St. John's, Mount Pearl, Corner Brook, Conception Bay South, Grand Falls-Windsor\nUTC-3 | America/Araguaina | Brazil | Palmas, Araguaína, Gurupi, Miracema do Tocantins, Taguatinga\nUTC-3 | America/Argentina/Buenos_Aires | Argentina | Buenos Aires, Mar del Plata, Bahía Blanca, Merlo, Quilmes\nUTC-3 | America/Argentina/Catamarca | Argentina | Catamarca, Comodoro Rivadavia, Trelew, Puerto Madryn, Esquel\nUTC-3 | America/Argentina/Cordoba | Argentina | Córdoba, Rosario, Santa Fe, Corrientes, Posadas\nUTC-3 | America/Argentina/Jujuy | Argentina | San Salvador de Jujuy, San Pedro de Jujuy, Libertador General San Martín, Palpalá, La Quiaca\nUTC-3 | America/Argentina/La_Rioja | Argentina | La Rioja, Chilecito, Arauco, Chamical\nUTC-3 | America/Argentina/Mendoza | Argentina | San Rafael, Mendoza, San Martín\nUTC-3 | America/Argentina/Rio_Gallegos | Argentina | Río Gallegos, Caleta Olivia, Pico Truncado, Puerto Deseado, Las Heras\nUTC-3 | America/Argentina/Salta | Argentina | Salta, Neuquén, Santa Rosa, San Carlos de Bariloche, Cipolletti\nUTC-3 | America/Argentina/San_Juan | Argentina | San Juan, Chimbas, Santa Lucía, Pocito, Caucete\nUTC-3 | America/Argentina/San_Luis | Argentina | San Luis, Villa Mercedes, La Punta, Merlo, Justo Daract\nUTC-3 | America/Argentina/Tucuman | Argentina | San Miguel de Tucumán, Yerba Buena, Tafí Viejo, Alderetes, Aguilares\nUTC-3 | America/Argentina/Ushuaia | Argentina | Ushuaia, Río Grande\nUTC-3 | America/Bahia | Brazil | Salvador, Feira de Santana, Vitória da Conquista, Itabuna, Camaçari\nUTC-3 | America/Belem | Brazil | Belém, Macapá, Ananindeua, Parauapebas, Marabá\nUTC-3 | America/Cayenne | French Guiana | Cayenne, Matoury, Saint-Laurent-du-Maroni, Kourou, Rémire-Montjoly\nUTC-3 | America/Fortaleza | Brazil | Fortaleza, São Luís, Natal, Teresina, João Pessoa\nUTC-3 | America/Maceio | Brazil | Maceió, Aracaju, Arapiraca, Nossa Senhora do Socorro, São Cristóvão\nUTC-3 | America/Miquelon | Saint Pierre and Miquelon | Saint-Pierre, Miquelon\nUTC-3 | America/Montevideo | Uruguay | Montevideo, Salto, Paysandú, Las Piedras, Rivera\nUTC-3 | America/Paramaribo | Suriname | Paramaribo, Lelydorp, Brokopondo, Nieuw Nickerie, Meerzorg\nUTC-3 | America/Punta_Arenas | Chile | Punta Arenas, Puerto Natales\nUTC-3 | America/Recife | Brazil | Recife, Jaboatão, Jaboatão dos Guararapes, Olinda, Paulista\nUTC-3 | America/Santarem | Brazil | Santarém, Altamira, Itaituba, Óbidos, Oriximiná\nUTC-3 | America/Sao_Paulo | Brazil | São Paulo, Rio de Janeiro, Belo Horizonte, Brasília, Curitiba\nUTC-3 | Antarctica/Palmer | Antarctica |\nUTC-3 | Antarctica/Rothera | Antarctica |\nUTC-3 | Atlantic/Stanley | Falkland Islands | Stanley\nUTC-2 | America/Noronha | Brazil |\nUTC-2 | America/Nuuk | Greenland | Nuuk, Sisimiut, Ilulissat, Qaqortoq, Aasiaat\nUTC-2 | Atlantic/South_Georgia | South Georgia and the South Sandwich Islands | Grytviken\nUTC-1 | America/Scoresbysund | Greenland |\nUTC-1 | Atlantic/Azores | Portugal | Ponta Delgada, Lagoa, Angra do Heroísmo, Rosto de Cão, Rabo de Peixe\nUTC-1 | Atlantic/Cape_Verde | Cabo Verde | Praia, Mindelo, Espargos, Assomada, Tarrafal\nUTC+0 | Africa/Abidjan | Ivory Coast | Abidjan, Abobo, Bouaké, Korhogo, Daloa\nUTC+0 | Africa/Accra | Ghana | Kumasi, Accra, Tamale, Takoradi, Sekondi\nUTC+0 | Africa/Bamako | Mali | Bamako, Ségou, Sikasso, Mopti, Koutiala\nUTC+0 | Africa/Banjul | Gambia | Serekunda, Brikama, Bununka Kunda, Sukuta, Talinding\nUTC+0 | Africa/Bissau | Guinea-Bissau | Bissau, Gabú, Bafatá, Canchungo, Bissorã\nUTC+0 | Africa/Casablanca | Morocco | Casablanca, Rabat, Fès, Sale, Marrakesh\nUTC+0 | Africa/Conakry | Guinea | Conakry, Camayenne, Nzérékoré, Kankan, Manéah\nUTC+0 | Africa/Dakar | Senegal | Dakar, Pikine, Touba, Thiès, Thiès Nones\nUTC+0 | Africa/El_Aaiun | Western Sahara | Laayoune, Dakhla, Boujdour, Laayoune Plage\nUTC+0 | Africa/Freetown | Sierra Leone | Freetown, Bo, Kenema, Koidu, Makeni\nUTC+0 | Africa/Lome | Togo | Lomé, Sokodé, Kara, Atakpamé, Kpalimé\nUTC+0 | Africa/Monrovia | Liberia | Monrovia, Gbarnga, Buchanan, Kakata, Zwedru\nUTC+0 | Africa/Nouakchott | Mauritania | Nouakchott, Nouadhibou, Dar Naim, Néma, Kaédi\nUTC+0 | Africa/Ouagadougou | Burkina Faso | Ouagadougou, Bobo-Dioulasso, Koudougou, Saaba, Ouahigouya\nUTC+0 | Africa/Sao_Tome | Sao Tome and Principe | São Tomé, Santo António\nUTC+0 | America/Danmarkshavn | Greenland |\nUTC+0 | Antarctica/Troll | Antarctica |\nUTC+0 | Atlantic/Canary | Spain | Las Palmas de Gran Canaria, Santa Cruz de Tenerife, La Laguna, Telde, Arona\nUTC+0 | Atlantic/Faroe | Faroe Islands | Tórshavn, Klaksvík, Fuglafjørður, Miðvágur, Tvøroyri\nUTC+0 | Atlantic/Madeira | Portugal | Funchal, Câmara de Lobos, São Martinho, Caniço, Machico\nUTC+0 | Atlantic/Reykjavik | Iceland | Reykjavík, Kópavogur, Hafnarfjörður, Reykjanesbær, Akureyri\nUTC+0 | Atlantic/St_Helena | Saint Helena | Jamestown, Georgetown, Edinburgh of the Seven Seas\nUTC+0 | Europe/Dublin | Ireland | Dublin, South Dublin, Cork, Limerick, Galway\nUTC+0 | Europe/Guernsey | Guernsey | Saint Peter Port, Saint Sampson, St Martin, St Anne, Saint Saviour\nUTC+0 | Europe/Isle_of_Man | Isle of Man | Douglas, Ramsey, Peel, Port Erin, Castletown\nUTC+0 | Europe/Jersey | Jersey | Saint Helier, Le Hocq\nUTC+0 | Europe/Lisbon | Portugal | Lisbon, Porto, Amadora, Braga, Setúbal\nUTC+0 | Europe/London | United Kingdom | London, Birmingham, Liverpool, Glasgow, Sheffield\nUTC+1 | Africa/Algiers | Algeria | Algiers, Oran, Constantine, Annaba, Blida\nUTC+1 | Africa/Bangui | Central African Republic | Bangui, Bimbo, Bégoua, Carnot, Berbérati\nUTC+1 | Africa/Brazzaville | Republic of the Congo | Brazzaville, Pointe-Noire, Dolisie, Nkayi, Kayes\nUTC+1 | Africa/Ceuta | Spain | Melilla\nUTC+1 | Africa/Douala | Cameroon | Douala, Yaoundé, Bamenda, Bafoussam, Maroua\nUTC+1 | Africa/Kinshasa | Democratic Republic of the Congo | Kinshasa, Kikwit, Masina, Mbandaka, Matadi\nUTC+1 | Africa/Lagos | Nigeria | Lagos, Kano, Ibadan, Port Harcourt, Benin City\nUTC+1 | Africa/Libreville | Gabon | Libreville, Port-Gentil, Franceville, Owendo, Oyem\nUTC+1 | Africa/Luanda | Angola | Luanda, Lubango, Huambo, Benguela, Cabinda\nUTC+1 | Africa/Malabo | Equatorial Guinea | Bata, Malabo, Ebebiyin, Aconibe, Añisoc\nUTC+1 | Africa/Ndjamena | Chad | N'Djamena, Moundou, Abéché, Sarh, Kelo\nUTC+1 | Africa/Niamey | Niger | Niamey, Zinder, Maradi, Agadez, Alaghsas\nUTC+1 | Africa/Porto-Novo | Benin | Cotonou, Abomey-Calavi, Porto-Novo, Parakou, Godomè\nUTC+1 | Africa/Tunis | Tunisia | Tunis, Sfax, Sousse, Kairouan, Bizerte\nUTC+1 | Africa/Windhoek | Namibia | Windhoek, Rundu, Walvis Bay, Oshakati, Swakopmund\nUTC+1 | Arctic/Longyearbyen | Svalbard and Jan Mayen | Longyearbyen, Olonkinbyen\nUTC+1 | Europe/Amsterdam | The Netherlands | Amsterdam, Rotterdam, The Hague, Utrecht, Groningen\nUTC+1 | Europe/Andorra | Andorra | Andorra la Vella, les Escaldes, Encamp, Sant Julià de Lòria, la Massana\nUTC+1 | Europe/Belgrade | Serbia | Belgrade, Pristina, Niš, Novi Sad, Prizren\nUTC+1 | Europe/Berlin | Germany | Berlin, Hamburg, Munich, Köln, Frankfurt am Main\nUTC+1 | Europe/Bratislava | Slovakia | Bratislava, Košice, Nitra, Prešov, Žilina\nUTC+1 | Europe/Brussels | Belgium | Brussels, Antwerpen, Gent, Charleroi, Liège\nUTC+1 | Europe/Budapest | Hungary | Budapest, Debrecen, Szeged, Miskolc, Pécs\nUTC+1 | Europe/Copenhagen | Denmark | Copenhagen, Århus, Odense, Aalborg, Frederiksberg\nUTC+1 | Europe/Gibraltar | Gibraltar | Gibraltar\nUTC+1 | Europe/Ljubljana | Slovenia | Ljubljana, Maribor, Kranj, Celje, Koper\nUTC+1 | Europe/Luxembourg | Luxembourg | Luxembourg, Esch-sur-Alzette, Dudelange, Schifflange, Bettembourg\nUTC+1 | Europe/Madrid | Spain | Madrid, Barcelona, Valencia, Sevilla, Zaragoza\nUTC+1 | Europe/Malta | Malta | San Pawl il-Baħar, Birkirkara, Mosta, Sliema, Qormi\nUTC+1 | Europe/Monaco | Monaco | Monaco, Monte-Carlo, La Condamine\nUTC+1 | Europe/Oslo | Norway | Oslo, Bergen, Trondheim, Stavanger, Drammen\nUTC+1 | Europe/Paris | France | Paris, Marseille, Lyon, Toulouse, Nice\nUTC+1 | Europe/Podgorica | Montenegro | Podgorica, Nikšić, Herceg Novi, Pljevlja, Budva\nUTC+1 | Europe/Prague | Czechia | Prague, Brno, Ostrava, Pilsen, Liberec\nUTC+1 | Europe/Rome | Italy | Rome, Milan, Naples, Turin, Palermo\nUTC+1 | Europe/San_Marino | San Marino | Serravalle, Borgo Maggiore, San Marino, Domagnano, Fiorentino\nUTC+1 | Europe/Sarajevo | Bosnia and Herzegovina | Sarajevo, Banja Luka, Zenica, Tuzla, Mostar\nUTC+1 | Europe/Skopje | North Macedonia | Skopje, Kumanovo, Prilep, Bitola, Čair\nUTC+1 | Europe/Stockholm | Sweden | Stockholm, Göteborg, Malmö, Uppsala, Linköping\nUTC+1 | Europe/Tirane | Albania | Tirana, Durrës, Elbasan, Vlorë, Shkodër\nUTC+1 | Europe/Vaduz | Liechtenstein | Schaan, Vaduz, Triesen, Balzers, Eschen\nUTC+1 | Europe/Vatican | Vatican | Vatican City\nUTC+1 | Europe/Vienna | Austria | Vienna, Graz, Linz, Favoriten, Donaustadt\nUTC+1 | Europe/Warsaw | Poland | Warsaw, Łódź, Kraków, Wrocław, Poznań\nUTC+1 | Europe/Zagreb | Croatia | Zagreb, Split, Rijeka, Osijek, Zadar\nUTC+1 | Europe/Zurich | Switzerland | Zürich, Genève, Basel, Lausanne, Bern\nUTC+2 | Africa/Blantyre | Malawi | Lilongwe, Blantyre, Mzuzu, Zomba, Kasungu\nUTC+2 | Africa/Bujumbura | Burundi | Bujumbura, Gitega, Ngozi, Rumonge, Cibitoke\nUTC+2 | Africa/Cairo | Egypt | Cairo, Alexandria, Giza, Shubrā al Khaymah, Port Said\nUTC+2 | Africa/Gaborone | Botswana | Gaborone, Francistown, Mogoditshane, Maun, Molepolole\nUTC+2 | Africa/Harare | Zimbabwe | Harare, Bulawayo, Chitungwiza, Mutare, Gweru\nUTC+2 | Africa/Johannesburg | South Africa | Johannesburg, Cape Town, Durban, Soweto, Pretoria\nUTC+2 | Africa/Juba | South Sudan | Juba, Winejok, Yei, Malakal, Wau\nUTC+2 | Africa/Khartoum | Sudan | Khartoum, Omdurman, Nyala, Port Sudan, Kassala\nUTC+2 | Africa/Kigali | Rwanda | Kigali, Gisenyi, Butare, Gitarama, Musanze\nUTC+2 | Africa/Lubumbashi | Democratic Republic of the Congo | Lubumbashi, Mbuji-Mayi, Kananga, Kisangani, Bukavu\nUTC+2 | Africa/Lusaka | Zambia | Lusaka, Ndola, Kitwe, Chipata, Kabwe\nUTC+2 | Africa/Maputo | Mozambique | Maputo, Matola, Nampula, Beira, Chimoio\nUTC+2 | Africa/Maseru | Lesotho | Maseru, Maputsoe, Mohale's Hoek, Mafeteng, Hlotse\nUTC+2 | Africa/Mbabane | Eswatini | Manzini, Mbabane, Big Bend, Malkerns, Nhlangano\nUTC+2 | Africa/Tripoli | Libya | Tripoli, Benghazi, Misratah, Zliten, Al Khums\nUTC+2 | Asia/Beirut | Lebanon | Beirut, Ra’s Bayrūt, Tripoli, Sidon, Tyre\nUTC+2 | Asia/Famagusta | Cyprus | Famagusta, Kyrenia, Égkomi, Protaras, Paralímni\nUTC+2 | Asia/Gaza | Palestinian Territory | Gaza, Khān Yūnis, Jabālyā, Rafaḩ, Dayr al Balaḩ\nUTC+2 | Asia/Hebron | Palestinian Territory | East Jerusalem, Hebron, Nablus, Ţūlkarm, Qalqīlyah\nUTC+2 | Asia/Jerusalem | Israel | Jerusalem, Tel Aviv, West Jerusalem, Haifa, Rishon LeTsiyyon\nUTC+2 | Asia/Nicosia | Cyprus | Nicosia, Limassol, Larnaca, Stróvolos, Káto Lakatámeia\nUTC+2 | Europe/Athens | Greece | Athens, Thessaloníki, Pátra, Piraeus, Lárisa\nUTC+2 | Europe/Bucharest | Romania | Bucharest, Sector 3, Iaşi, Sector 6, Sector 2\nUTC+2 | Europe/Chisinau | Moldova | Chisinau, Tiraspol, Bălţi, Bender, Rîbniţa\nUTC+2 | Europe/Helsinki | Finland | Helsinki, Espoo, Tampere, Oulu, Turku\nUTC+2 | Europe/Kaliningrad | Russia | Kaliningrad, Chernyakhovsk, Sovetsk, Baltiysk, Gusev\nUTC+2 | Europe/Kyiv | Ukraine | Kyiv, Kharkiv, Odesa, Dnipro, Donetsk\nUTC+2 | Europe/Mariehamn | Aland Islands | Mariehamn\nUTC+2 | Europe/Riga | Latvia | Riga, Daugavpils, Liepāja, Jelgava, Jūrmala\nUTC+2 | Europe/Sofia | Bulgaria | Sofia, Plovdiv, Varna, Burgas, Stara Zagora\nUTC+2 | Europe/Tallinn | Estonia | Tallinn, Tartu, Narva, Pärnu, Nõmme\nUTC+2 | Europe/Vilnius | Lithuania | Vilnius, Kaunas, Klaipėda, Šiauliai, Panevėžys\nUTC+3 | Africa/Addis_Ababa | Ethiopia | Addis Ababa, Jijiga, Gonder, Mek'ele, Nazrēt\nUTC+3 | Africa/Asmara | Eritrea | Asmara, Keren, Himora, Massawa, Assab\nUTC+3 | Africa/Dar_es_Salaam | Tanzania | Dar es Salaam, Mwanza, Arusha, Mbeya, Morogoro\nUTC+3 | Africa/Djibouti | Djibouti | Djibouti, Ali Sabih, Dikhil, Tadjoura, Arta\nUTC+3 | Africa/Kampala | Uganda | Kampala, Gulu, Lira, Mbarara, Jinja\nUTC+3 | Africa/Mogadishu | Somalia | Mogadishu, Borama, Hargeysa, Berbera, Kismayo\nUTC+3 | Africa/Nairobi | Kenya | Nairobi, Kakamega, Mombasa, Nakuru, Ruiru\nUTC+3 | Antarctica/Syowa | Antarctica |\nUTC+3 | Asia/Aden | Yemen | Sanaa, Aden, Al Ḩudaydah, Taiz, Mukalla\nUTC+3 | Asia/Amman | Jordan | Amman, Zarqa, Irbid, Russeifa, Wādī as Sīr\nUTC+3 | Asia/Baghdad | Iraq | Baghdad, Al Mawşil al Jadīdah, Al Başrah al Qadīmah, Mosul, Erbil\nUTC+3 | Asia/Bahrain | Bahrain | Ar Rifā‘, Manama, Al Muharraq, Dār Kulayb, Madīnat Ḩamad\nUTC+3 | Asia/Damascus | Syria | Aleppo, Damascus, Homs, Latakia, Ar Raqqah\nUTC+3 | Asia/Kuwait | Kuwait | Al Aḩmadī, Ḩawallī, As Sālimīyah, Şabāḩ as Sālim, Al Farwānīyah\nUTC+3 | Asia/Qatar | Qatar | Doha, Ar Rayyān, Umm Şalāl Muḩammad, Al Wakrah, Al Khawr\nUTC+3 | Asia/Riyadh | Saudi Arabia | Jeddah, Riyadh, Mecca, Medina, Dammam\nUTC+3 | Europe/Istanbul | Turkey | Istanbul, Ankara, Bursa, İzmir, Gaziantep\nUTC+3 | Europe/Kirov | Russia | Kirov, Kirovo-Chepetsk, Vyatskiye Polyany, Slobodskoy, Kotel’nich\nUTC+3 | Europe/Minsk | Belarus | Minsk, Homyel', Hrodna, Mahilyow, Brest\nUTC+3 | Europe/Moscow | Russia | Moscow, Saint Petersburg, Nizhniy Novgorod, Kazan, Rostov-na-Donu\nUTC+3 | Europe/Simferopol | Ukraine | Sevastopol, Simferopol, Kerch, Yevpatoriya, Yalta\nUTC+3 | Europe/Volgograd | Russia | Volgograd, Volzhsky, Kamyshin, Mikhaylovka, Uryupinsk\nUTC+3 | Indian/Antananarivo | Madagascar | Antananarivo, Toamasina, Antsirabe, Mahajanga, Fianarantsoa\nUTC+3 | Indian/Comoro | Comoros | Moroni, Moutsamoudou, Fomboni, Tsimbeo, Domoni\nUTC+3 | Indian/Mayotte | Mayotte | Mamoudzou, Koungou, Dzaoudzi, Dembeni, Sada\nUTC+3:30 | Asia/Tehran | Iran | Tehran, Mashhad, Isfahan, Karaj, Tabriz\nUTC+4 | Asia/Baku | Azerbaijan | Baku, Sumqayıt, Ganja, Lankaran, Tovuz\nUTC+4 | Asia/Dubai | United Arab Emirates | Dubai, Abu Dhabi, Sharjah, Al Ain City, Ajman City\nUTC+4 | Asia/Muscat | Oman | Muscat, Seeb, Bawshar, ‘Ibrī, Şalālah\nUTC+4 | Asia/Tbilisi | Georgia | Tbilisi, Batumi, Kutaisi, Rustavi, Sokhumi\nUTC+4 | Asia/Yerevan | Armenia | Yerevan, Gyumri, Vanadzor, Vagharshapat, Hrazdan\nUTC+4 | Europe/Astrakhan | Russia | Astrakhan, Akhtubinsk, Znamensk, Kharabali, Kamyzyak\nUTC+4 | Europe/Samara | Russia | Samara, Tolyatti, Izhevsk, Syzran, Novokuybyshevsk\nUTC+4 | Europe/Saratov | Russia | Saratov, Balakovo, Engels, Balashov, Vol’sk\nUTC+4 | Europe/Ulyanovsk | Russia | Ulyanovsk, Dimitrovgrad, Inza, Barysh, Novoul’yanovsk\nUTC+4 | Indian/Mahe | Seychelles | Victoria, Anse Boileau, Bel Ombre, Beau Vallon, Cascade\nUTC+4 | Indian/Mauritius | Mauritius | Port Louis, Vacoas, Beau Bassin-Rose Hill, Curepipe, Quatre Bornes\nUTC+4 | Indian/Reunion | Reunion | Saint-Denis, Saint-Paul, Le Tampon, Saint-Pierre, Saint-André\nUTC+4:30 | Asia/Kabul | Afghanistan | Kabul, Herāt, Mazār-e Sharīf, Kandahār, Jalālābād\nUTC+5 | Antarctica/Mawson | Antarctica |\nUTC+5 | Asia/Aqtau | Kazakhstan | Shevchenko, Zhanaozen, Beyneu, Shetpe, Kuryk\nUTC+5 | Asia/Aqtobe | Kazakhstan | Aktobe, Kandyagash, Shalqar, Khromtau, Embi\nUTC+5 | Asia/Ashgabat | Turkmenistan | Ashgabat, Türkmenabat, Daşoguz, Mary, Balkanabat\nUTC+5 | Asia/Atyrau | Kazakhstan | Atyrau, Qulsary, Shalkar, Balykshi, Maqat\nUTC+5 | Asia/Dushanbe | Tajikistan | Dushanbe, Isfara, Istaravshan, Kŭlob, Konibodom\nUTC+5 | Asia/Karachi | Pakistan | Karachi, Lahore, Faisalabad, Rawalpindi, Multan\nUTC+5 | Asia/Oral | Kazakhstan | Oral, Aqsay, Zhanibek, Tasqala, Zhumysker\nUTC+5 | Asia/Qyzylorda | Kazakhstan | Kyzylorda, Novokazalinsk, Aral, Shiyeli, Zhangaqorghan\nUTC+5 | Asia/Samarkand | Uzbekistan | Samarkand, Nukus, Bukhara, Qarshi, Tirmiz\nUTC+5 | Asia/Tashkent | Uzbekistan | Tashkent, Namangan, Andijon, Fergana, Qo‘qon\nUTC+5 | Asia/Yekaterinburg | Russia | Yekaterinburg, Chelyabinsk, Ufa, Perm, Tyumen\nUTC+5 | Indian/Kerguelen | French Southern Territories | Port-aux-Français\nUTC+5 | Indian/Maldives | Maldives | Male, Fuvahmulah, Hithadhoo, Kulhudhuffushi, Thinadhoo\nUTC+5:30 | Asia/Colombo | Sri Lanka | Colombo, Dehiwala-Mount Lavinia, Maharagama, Jaffna, Moratuwa\nUTC+5:30 | Asia/Kolkata | India | Mumbai, Delhi, Bengaluru, Hyderābād, Ahmedabad\nUTC+5:45 | Asia/Kathmandu | Nepal | Kathmandu, Bharatpur, Pātan, Birgañj, Biratnagar\nUTC+6 | Antarctica/Vostok | Antarctica |\nUTC+6 | Asia/Almaty | Kazakhstan | Almaty, Shymkent, Karagandy, Taraz, Astana\nUTC+6 | Asia/Bishkek | Kyrgyzstan | Bishkek, Osh, Jalal-Abad, Karakol, Tokmok\nUTC+6 | Asia/Dhaka | Bangladesh | Dhaka, Chattogram, Khulna, Rangpur, Comilla\nUTC+6 | Asia/Omsk | Russia | Omsk, Tara, Kalachinsk, Znamenskoye, Tavricheskoye\nUTC+6 | Asia/Qostanay | Kazakhstan | Kostanay, Rudnyy, Baikonur, Zhitikara, Arkalyk\nUTC+6 | Asia/Thimphu | Bhutan | Thimphu, Phuntsholing, Tsirang, Punākha, Pemagatshel\nUTC+6 | Asia/Urumqi | China | Ürümqi, Shihezi, Korla, Aksu, Kashgar\nUTC+6 | Indian/Chagos | British Indian Ocean Territory |\nUTC+6:30 | Asia/Yangon | Myanmar | Yangon, Mandalay, Nay Pyi Taw, Mawlamyine, Kyain Seikgyi Township\nUTC+6:30 | Indian/Cocos | Cocos Islands | West Island\nUTC+7 | Antarctica/Davis | Antarctica |\nUTC+7 | Asia/Bangkok | Thailand | Hanoi, Bangkok, Haiphong, Samut Prakan, Huế\nUTC+7 | Asia/Barnaul | Russia | Barnaul, Biysk, Rubtsovsk, Gorno-Altaysk, Novoaltaysk\nUTC+7 | Asia/Hovd | Mongolia | Ulaangom, Khovd, Ölgii, Altai, Uliastay\nUTC+7 | Asia/Ho_Chi_Minh | Vietnam | Ho Chi Minh City, Da Nang, Biên Hòa, Cần Thơ, Thuận An\nUTC+7 | Asia/Jakarta | Indonesia | Jakarta, Surabaya, Bekasi, Bandung, Medan\nUTC+7 | Asia/Krasnoyarsk | Russia | Krasnoyarsk, Abakan, Norilsk, Achinsk, Kyzyl\nUTC+7 | Asia/Novokuznetsk | Russia | Kemerovo, Novokuznetsk, Prokop’yevsk, Leninsk-Kuznetsky, Kiselëvsk\nUTC+7 | Asia/Novosibirsk | Russia | Novosibirsk, Berdsk, Iskitim, Akademgorodok, Kuybyshev\nUTC+7 | Asia/Phnom_Penh | Cambodia | Phnom Penh, Takeo, Siem Reap, Battambang, Paoy Paet\nUTC+7 | Asia/Pontianak | Indonesia | Pontianak, Palangkaraya, Singkawang, Sampit, Sungai Raya\nUTC+7 | Asia/Tomsk | Russia | Tomsk, Seversk, Strezhevoy, Kolpashevo, Asino\nUTC+7 | Asia/Vientiane | Laos | Vientiane, Savannakhet, Pakse, Thakhèk, Luang Prabang\nUTC+7 | Indian/Christmas | Christmas Island | Flying Fish Cove\nUTC+8 | Asia/Brunei | Brunei | Bandar Seri Begawan, Kuala Belait, Seria, Tutong, Bangar\nUTC+8 | Asia/Choibalsan | Mongolia | Baruun-Urt, Choibalsan\nUTC+8 | Asia/Hong_Kong | Hong Kong | Hong Kong, Kowloon, Victoria, Tuen Mun, Sha Tin\nUTC+8 | Asia/Irkutsk | Russia | Irkutsk, Ulan-Ude, Bratsk, Angarsk, Ust’-Ilimsk\nUTC+8 | Asia/Kuala_Lumpur | Malaysia | Kuala Lumpur, Petaling Jaya, Klang, Johor Bahru, Ipoh\nUTC+8 | Asia/Kuching | Malaysia | Kota Kinabalu, Sandakan, Kuching, Tawau, Miri\nUTC+8 | Asia/Macau | Macao | Macau, Taipa\nUTC+8 | Asia/Makassar | Indonesia | Makassar, Samarinda, Denpasar, Balikpapan, Banjarmasin\nUTC+8 | Asia/Manila | Philippines | Quezon City, Davao, Manila, Caloocan City, Budta\nUTC+8 | Asia/Shanghai | China | Shanghai, Beijing, Shenzhen, Guangzhou, Chengdu\nUTC+8 | Asia/Singapore | Singapore | Singapore, Jurong Town, Woodlands, Punggol, Kampong Pasir Ris\nUTC+8 | Asia/Taipei | Taiwan | Taipei, Kaohsiung, Taichung, Tainan, Banqiao\nUTC+8 | Asia/Ulaanbaatar | Mongolia | Ulan Bator, Erdenet, Darhan, Mörön, Bayanhongor\nUTC+8 | Australia/Perth | Australia | Perth, Mandurah, Bunbury, Baldivis, Geraldton\nUTC+8:45 | Australia/Eucla | Australia |\nUTC+9 | Asia/Chita | Russia | Chita, Krasnokamensk, Borzya, Petrovsk-Zabaykal’skiy, Aginskoye\nUTC+9 | Asia/Dili | Timor Leste | Dili, Maliana, Suai, Likisá, Aileu\nUTC+9 | Asia/Jayapura | Indonesia | Jayapura, Ambon, Sorong, Ternate, Manokwari\nUTC+9 | Asia/Khandyga | Russia |\nUTC+9 | Asia/Pyongyang | North Korea | Pyongyang, Hamhŭng, Namp’o, Sunch’ŏn, Hŭngnam\nUTC+9 | Asia/Seoul | South Korea | Seoul, Busan, Incheon, Daegu, Gwangju\nUTC+9 | Asia/Tokyo | Japan | Tokyo, Yokohama, Osaka, Nagoya, Sapporo\nUTC+9 | Asia/Yakutsk | Russia | Yakutsk, Blagoveshchensk, Belogorsk, Neryungri, Svobodnyy\nUTC+9 | Pacific/Palau | Palau | Koror, Koror Town, Kloulklubed, Ulimang, Mengellang\nUTC+9:30 | Australia/Adelaide | Australia | Adelaide, Adelaide Hills, Mount Gambier, Morphett Vale, Gawler\nUTC+9:30 | Australia/Broken_Hill | Australia | Broken Hill\nUTC+9:30 | Australia/Darwin | Australia | Darwin, Alice Springs, Palmerston, Howard Springs\nUTC+10 | Antarctica/DumontDUrville | Antarctica |\nUTC+10 | Antarctica/Macquarie | Australia |\nUTC+10 | Asia/Ust-Nera | Russia |\nUTC+10 | Asia/Vladivostok | Russia | Khabarovsk, Vladivostok, Khabarovsk Vtoroy, Komsomolsk-on-Amur, Ussuriysk\nUTC+10 | Australia/Brisbane | Australia | Brisbane, Gold Coast, Logan City, Townsville, Cairns\nUTC+10 | Australia/Hobart | Australia | Hobart, Launceston, Burnie, Devonport, Sandy Bay\nUTC+10 | Australia/Lindeman | Australia |\nUTC+10 | Australia/Melbourne | Australia | Melbourne, Geelong, Ballarat, Bendigo, Point Cook\nUTC+10 | Australia/Sydney | Australia | Sydney, Canberra, Newcastle, Wollongong, Maitland\nUTC+10 | Pacific/Chuuk | Micronesia | Weno, Colonia\nUTC+10 | Pacific/Guam | Guam | Dededo Village, Yigo Village, Tamuning, Tamuning-Tumon-Harmon Village, Mangilao Village\nUTC+10 | Pacific/Port_Moresby | Papua New Guinea | Port Moresby, Lae, Mount Hagen, Popondetta, Madang\nUTC+10 | Pacific/Saipan | Northern Mariana Islands | Saipan, San Jose Village\nUTC+10:30 | Australia/Lord_Howe | Australia |\nUTC+11 | Antarctica/Casey | Antarctica |\nUTC+11 | Asia/Magadan | Russia | Magadan, Ust-Nera, Susuman, Ola\nUTC+11 | Asia/Sakhalin | Russia | Yuzhno-Sakhalinsk, Korsakov, Kholmsk, Okha, Nevel’sk\nUTC+11 | Asia/Srednekolymsk | Russia |\nUTC+11 | Pacific/Bougainville | Papua New Guinea | Arawa, Buka\nUTC+11 | Pacific/Efate | Vanuatu | Port-Vila, Luganville, Isangel, Sola, Lakatoro\nUTC+11 | Pacific/Guadalcanal | Solomon Islands | Honiara, Malango, Auki, Gizo, Kirakira\nUTC+11 | Pacific/Kosrae | Micronesia | Tofol\nUTC+11 | Pacific/Norfolk | Norfolk Island | Kingston\nUTC+11 | Pacific/Noumea | New Caledonia | Nouméa, Mont-Dore, Dumbéa, Païta, Wé\nUTC+11 | Pacific/Pohnpei | Micronesia | Kolonia, Kolonia Town, Palikir - National Government Center\nUTC+12 | Antarctica/McMurdo | Antarctica |\nUTC+12 | Asia/Anadyr | Russia | Anadyr, Bilibino\nUTC+12 | Asia/Kamchatka | Russia | Petropavlovsk-Kamchatsky, Yelizovo, Vilyuchinsk, Klyuchi, Mil’kovo\nUTC+12 | Pacific/Auckland | New Zealand | Auckland, Wellington, Christchurch, Manukau City, North Shore\nUTC+12 | Pacific/Fiji | Fiji | Nasinu, Suva, Lautoka, Nadi, Labasa\nUTC+12 | Pacific/Funafuti | Tuvalu | Funafuti, Savave Village, Tanrake Village, Toga Village, Asau Village\nUTC+12 | Pacific/Kwajalein | Marshall Islands | Ebaye, Jabat\nUTC+12 | Pacific/Majuro | Marshall Islands | Majuro, Arno, Jabor, Wotje, Mili\nUTC+12 | Pacific/Nauru | Nauru | Yaren, Baiti, Anabar, Uaboe, Ijuw\nUTC+12 | Pacific/Tarawa | Kiribati | Tarawa, Betio Village, Bikenibeu Village\nUTC+12 | Pacific/Wake | United States Minor Outlying Islands |\nUTC+12 | Pacific/Wallis | Wallis and Futuna | Mata-Utu, Leava, Alo\nUTC+12:45 | Pacific/Chatham | New Zealand | Waitangi\nUTC+13 | Pacific/Apia | Samoa | Apia, Asau, Mulifanua, Afega, Leulumoega\nUTC+13 | Pacific/Fakaofo | Tokelau | Atafu Village, Nukunonu, Fale old settlement\nUTC+13 | Pacific/Kanton | Kiribati |\nUTC+13 | Pacific/Tongatapu | Tonga | Nuku‘alofa, Lapaha, Neiafu, Pangai, ‘Ohonua\nUTC+14 | Pacific/Kiritimati | Kiribati |"
    },
    {
      "id": "s2-2",
      "sectionId": "s2",
      "title": "另见",
      "kind": "text",
      "body": "• [时区列表](https://help.aliyun.com/zh/maxcompute/user-guide/time-zones) _(aliyun.com)_\n• [全部时区列表](https://www.zeitverschiebung.net/cn/all-time-zones.html) _(zeitverschiebung.net)_"
    }
  ],
  "source": {
    "repo": "https://github.com/jaywcjlove/reference",
    "path": "docs/time-zones.md",
    "ref": "main",
    "url": "https://github.com/jaywcjlove/reference/tree/main/docs/time-zones.md",
    "lang": "zh",
    "mode": "local"
  }
}